Rent,Neighborhood,Title,Posting Date,URL,Bed/Bath,Size
975,whitman,2 bedroom apt,Wed 08 Apr 03:05:57 PM,https://boston.craigslist.org/sob/apa/d/whitman-2-bedroom-apt/7105375404.html,2BR / 1Ba,N/A
2100,N/A,HUGE 1 BED HEART OF COOLIDGE CORNER BAY WINDOWS SUNNY MODERN NO FEE!!,Wed 08 Apr 03:03:15 PM,https://boston.craigslist.org/gbs/apa/d/brookline-huge-1-bed-heart-of-coolidge/7105373756.html,1BR / 1Ba,500ft2
1500,Allston,SWEET STUDIO! NEAR HARVARD@ COMM!! MODERN SUNDRENCHED MUST SEE 6/1,Wed 08 Apr 03:00:57 PM,https://boston.craigslist.org/gbs/apa/d/brookline-sweet-studio-near-harvard/7105372317.html,0BR / 1Ba,N/A
2486,Braintree,"Patio/ balcony, Upgraded espresso cabinetry, Walk-in closets, Pantry",Wed 08 Apr 02:57:57 PM,https://boston.craigslist.org/sob/apa/d/braintree-patio-balcony-upgraded/7105370520.html,2BR / 2Ba,1280ft2
1981,Tewksbury,"Built-in desk, Built in computer desk, Poolside grilling areas, Gate",Wed 08 Apr 02:54:45 PM,https://boston.craigslist.org/nwb/apa/d/tewksbury-built-in-desk-built-in/7105368651.html,2BR / 2Ba,1177ft2
1750,Salem,"Location, Community, Quality Living. It Starts Here!",Wed 08 Apr 02:44:04 PM,https://boston.craigslist.org/nos/apa/d/salem-location-community-quality-living/7105362090.html,2BR / 1Ba,750ft2
2200,Hull/Hingham Line,House 2 bdrm 2 bath,Wed 08 Apr 02:37:39 PM,https://boston.craigslist.org/sob/apa/d/hull-house-2-bdrm-2-bath/7105358077.html,2BR / 1.5Ba,1225ft2
2095,N/A,"*NO FEE* Sunny 3 Bed available NOW, Laundry, Porch, Parking, Pets, Bus",Wed 08 Apr 02:33:30 PM,https://boston.craigslist.org/nos/apa/d/everett-no-fee-sunny-3-bed-available/7105355484.html,3BR / 1Ba,1000ft2
2436,Foxborough,"Pet Friendly, Billiards, Wood plank flooring, 9 ft. ceilings, Pantry",Wed 08 Apr 02:31:12 PM,https://boston.craigslist.org/sob/apa/d/foxboro-pet-friendly-billiards-wood/7105353982.html,2BR / 2Ba,1280ft2
2200,Arlington Center,SPACIOUS 2BR 2BA HEATED GARAGE  AC DW BUS @ DOOR TO HVD AVAIL 6/1,Wed 08 Apr 02:29:04 PM,https://boston.craigslist.org/gbs/apa/d/arlington-spacious-2br-2ba-heated/7105352570.html,2BR / 2Ba,N/A
2994,Fort Point,Perfectly Priced 1 Bedroom Loft in the Seaport! NO FEE,Wed 08 Apr 02:19:51 PM,https://boston.craigslist.org/gbs/apa/d/boston-perfectly-priced-1-bedroom-loft/7105346647.html,1BR / 0Ba,548ft2
1499,Lowell,"Upgraded 1 bed / 1 bath! Character, style, and modern amenities!",Wed 08 Apr 02:18:50 PM,https://boston.craigslist.org/nwb/apa/d/lowell-upgraded-1-bed-1-bath-character/7105346010.html,516ft2,available apr 8
4800,Amherst,45 Phillips Street is Available for June 1st,Wed 08 Apr 02:18:28 PM,https://boston.craigslist.org/gbs/apa/d/amherst-45-phillips-street-is-available/7105345804.html,5BR / 2.5Ba,3000ft2
2019,Peabody,Don't wait! These move-in deals are going fast!,Wed 08 Apr 02:13:22 PM,https://boston.craigslist.org/nos/apa/d/peabody-dont-wait-these-move-in-deals/7105342529.html,1BR / 1Ba,955ft2
2995,Allston,Now or 6/1 - STUNNING! Open Concept 3 Bed in Allston/Brighton (No Fee),Wed 08 Apr 02:04:50 PM,https://boston.craigslist.org/gbs/apa/d/brighton-now-or-stunning-open-concept-3/7105337239.html,3BR / 1Ba,N/A
2975,SoWa District,Gorgeous 1BED/1BATH in the South End! NO FEE AND REST OF APRIL FREE!!!,Wed 08 Apr 02:03:52 PM,https://boston.craigslist.org/gbs/apa/d/boston-gorgeous-1bed-1bath-in-the-south/7105336574.html,1BR / 1Ba,650ft2
2050,Union Sq/Spring Hill,5/1!Modern 1BD!close to Union Sq!MOD KIT!In unit Laundry!Pets NEG!,Wed 08 Apr 02:02:37 PM,https://boston.craigslist.org/gbs/apa/d/somerville-5-1modern-1bdclose-to-union/7105335802.html,1BR / 1Ba,N/A
1795,Bellingham,Amazing 2 Bedroom at an affordable price! The Charles Bellingham,Wed 08 Apr 01:57:33 PM,https://boston.craigslist.org/gbs/apa/d/bellingham-amazing-2-bedroom-at-an/7105332622.html,2BR / 2Ba,1030ft2
1500,Quincy Area,Looking for 1-2 bedroom,Wed 08 Apr 01:54:07 PM,https://boston.craigslist.org/sob/apa/d/quincy-looking-for-1-2-bedroom/7105330557.html,1BR / 1Ba,N/A
2000,Back Bay/South End,1 BR/1B on St. Botolph Street (Back Bay/South End) - $2000/month,Wed 08 Apr 01:53:07 PM,https://boston.craigslist.org/gbs/apa/d/boston-1-br-1b-on-st-botolph-street/7105329882.html,1BR / 1Ba,300ft2
3648,Fort Point,"Bright Corner 1 Bedroom Loft, Exposed Brick, Lots of Character! NO FEE",Wed 08 Apr 01:52:23 PM,https://boston.craigslist.org/gbs/apa/d/boston-bright-corner-1-bedroom-loft/7105329413.html,1BR / 0Ba,717ft2
1449,Lowell,1 Bedroom / 1 bathroom for rent! You won't be disappointed!,Wed 08 Apr 01:43:22 PM,https://boston.craigslist.org/nwb/apa/d/lowell-1-bedroom-1-bathroom-for-rent/7105323694.html,1BR / 1Ba,486ft2
1500,"Walpole, MA",2 Bedroom Apartmtn,Wed 08 Apr 01:43:18 PM,https://boston.craigslist.org/sob/apa/d/walpole-2-bedroom-apartmtn/7105323648.html,2BR / 1Ba,750ft2
1850,Fenway,Beautiful Large Studio Apartment for Sublet,Wed 08 Apr 01:35:55 PM,https://boston.craigslist.org/gbs/apa/d/boston-beautiful-large-studio-apartment/7105318876.html,0BR / 1Ba,555ft2
1990,Chelsea,"FREE APRIL RENT! 2 Miles from Boston, Pet Friendly, Luxury living",Wed 08 Apr 01:34:20 PM,https://boston.craigslist.org/gbs/apa/d/chelsea-free-april-rent-2-miles-from/7105317847.html,1BR / 1Ba,702ft2
2500,Brockton,For Rent: Home on Eaton Street,Wed 08 Apr 01:34:13 PM,https://boston.craigslist.org/gbs/apa/d/brockton-for-rent-home-on-eaton-street/7105317771.html,5BR / 2Ba,1800ft2
1600,Somerville \ Porter Sq. \ Inman Sq.,-- Awesome 2 Room Studio -- 1 Parking Spot Included -- PIX,Wed 08 Apr 01:29:06 PM,https://boston.craigslist.org/gbs/apa/d/somerville-awesome-2-room-studio-1/7105314448.html,0BR / 1Ba,N/A
1950,CAMBRIDGE,Cozy garden level 1BR condo across from Harvard Law.,Wed 08 Apr 01:24:38 PM,https://boston.craigslist.org/gbs/apa/d/cambridge-cozy-garden-level-1br-condo/7105311646.html,1BR / 1Ba,N/A
2100,N/A,"** FREE RENT ** W/D, Heat, HW & Trash INCL !!",Wed 08 Apr 01:17:01 PM,https://boston.craigslist.org/nwb/apa/d/andover-free-rent-d-heat-hw-trash-incl/7105306518.html,2BR / 2Ba,1098ft2
1895,Beacon Hill,Beacon Hill Spacious Pet Friendly Joy Street Studio - mb,Wed 08 Apr 01:15:03 PM,https://boston.craigslist.org/gbs/apa/d/boston-beacon-hill-spacious-pet/7105305198.html,0BR / 1Ba,N/A
3650,Brighton,Beautiful 3 bedroom/1.5 bath unit on the second floor,Wed 08 Apr 01:07:06 PM,https://boston.craigslist.org/gbs/apa/d/brighton-beautiful-3-bedroom-15-bath/7105300030.html,3BR / 1.5Ba,1200ft2
2150,Brookline- Beacon Street by Coolidge Corner,▶NEW Beacon St. 1 bed condo w/ roof deck & laundry- May 1st,Wed 08 Apr 12:59:45 PM,https://boston.craigslist.org/gbs/apa/d/brookline-new-beacon-st-1-bed-condo/7105295175.html,1BR / 1Ba,N/A
3300,Beacon Hill,►NEW Beacon Hill 2 bed condo at The River House! Avail May 1st,Wed 08 Apr 12:58:51 PM,https://boston.craigslist.org/gbs/apa/d/boston-new-beacon-hill-2-bed-condo-at/7105294588.html,2BR / 1Ba,N/A
2350,South Bay/Newmarket,Newmarket Square/South Bay----TWO BED newly renovated,Wed 08 Apr 12:57:24 PM,https://boston.craigslist.org/gbs/apa/d/roxbury-newmarket-square-south-bay-two/7105293584.html,2BR / 1Ba,1000ft2
2150,Dorchester,"Renovated Dorchester 2 bed 1.5 bath with laundry in unit, 6 min to T!",Wed 08 Apr 12:45:43 PM,https://boston.craigslist.org/gbs/apa/d/dorchester-renovated-dorchester-2-bed/7105285854.html,2BR / 1.5Ba,875ft2
1545,"Andover, MA",Spring Time Specials! 1-Bed/1-Bath Apartment Andover Place,Wed 08 Apr 12:44:39 PM,https://boston.craigslist.org/nwb/apa/d/lawrence-spring-time-specials-1-bed-1/7105285174.html,1BR / 1Ba,696ft2
3475,Cambridge,"Renovated 2BR in Central Square, central air, heat ht. water included.",Wed 08 Apr 12:15:07 PM,https://boston.craigslist.org/gbs/apa/d/cambridge-renovated-2br-in-central/7105265603.html,2BR / 2Ba,939ft2
3040,Cambridge - Kendall Square,"PARTIAL FEE! Modern 1 BR w/ River Views, Incl Ht & H.W.",Wed 08 Apr 12:13:30 PM,https://boston.craigslist.org/gbs/apa/d/cambridge-partial-fee-modern-1-br-river/7105264465.html,1BR / 1Ba,N/A
1695,Malden West End,"ALL UTILITIES INCLUDED!! Walk to the T. 1.5 Bedroom, Laundry onsite.",Wed 08 Apr 12:09:18 PM,https://boston.craigslist.org/gbs/apa/d/malden-all-utilities-included-walk-to/7105261684.html,1BR / 1Ba,N/A
1995,Brighton,FREE APRIL RENT! Spacious one bedroom unit on the ground level,Wed 08 Apr 12:08:06 PM,https://boston.craigslist.org/gbs/apa/d/newton-free-april-rent-spacious-one/7105260936.html,1BR / 1Ba,N/A
2850,"Porter Square, Cambridge",Walden St 2-Bed Heat Included Laundry In-Unit 9/1,Wed 08 Apr 12:06:01 PM,https://boston.craigslist.org/gbs/apa/d/cambridge-walden-st-2-bed-heat-included/7105259529.html,2BR / 1Ba,N/A
1800,Brighton,"arge Studio in great location - steps to B, C, D Line",Wed 08 Apr 12:00:04 PM,https://boston.craigslist.org/gbs/apa/d/brighton-arge-studio-in-great-location/7105255465.html,0BR / 1Ba,N/A
1800,N/A,"Cambridge Studio in Avon Hill!! | H & HW Inc, Pet Friendly",Wed 08 Apr 11:57:57 AM,https://boston.craigslist.org/gbs/apa/d/cambridge-cambridge-studio-in-avon-hill/7105254076.html,0BR / 1Ba,N/A
1600,SOMERVILLE,1 BEDROOM/UNION/SULLIVAN/PARKING INC,Wed 08 Apr 11:49:44 AM,https://boston.craigslist.org/gbs/apa/d/somerville-1-bedroom-union-sullivan/7105249039.html,1BR / 1Ba,N/A
4800,SOMERVILLE,❤❤ BRAND NEW 4 BED 2 BATH/TUFTS/MIT/MGH/MIT/SMALL PETS OK/PARKING INC,Wed 08 Apr 11:49:00 AM,https://boston.craigslist.org/gbs/apa/d/somerville-brand-new-4-bed-2-bath-tufts/7105248571.html,4BR / 2Ba,N/A
1750,WATERTOWN,1 BEDROOM AND A STUDY..WATERTOWN..HEAT AND PARKING INC..MASS PIKE,Wed 08 Apr 11:48:05 AM,https://boston.craigslist.org/nos/apa/d/watertown-1-bedroom-and/7105248057.html,2BR / 1Ba,N/A
950,CAMBRIDGE,"ROOM IN A 5 BEDROOM 3 BATH/HARVARD/INMAN/HARVARD LAW,DIVINITY,DESIGN",Wed 08 Apr 11:46:55 AM,https://boston.craigslist.org/gbs/apa/d/cambridge-room-in-5-bedroom-3-bath/7105247366.html,5BR / 3Ba,N/A
1000,SOMERVILLE/CAMBRIDGE LINE,ROOM IN A 4 BEDROOM/INMAN SQ/CATS OK/HARVARD LAW/DIVINITY/PARKING INC,Wed 08 Apr 11:45:42 AM,https://boston.craigslist.org/gbs/apa/d/somerville-room-in-4-bedroom-inman-sq/7105246643.html,1BR / 1Ba,N/A
3200,LEXINGTON,LEXINGTON SINGLE FAMILY HOUSE..3 BED 2 BATH..PETS OK..DELEADED,Wed 08 Apr 11:44:53 AM,https://boston.craigslist.org/gbs/apa/d/waverley-lexington-single-family-house3/7105246107.html,3BR / 2Ba,N/A
4500,Brighton,"Spacious 5 bedroom, 2 bathroom unit",Wed 08 Apr 11:44:37 AM,https://boston.craigslist.org/gbs/apa/d/brighton-spacious-5-bedroom-2-bathroom/7105245951.html,5BR / 2Ba,1700ft2
1000,SOMERVILLE/ CAMBRIDGE LINE,ROOM IN A 3 BEDROOM HOUSE/INMAN/UNION SQ./PARKING/WHOLE FOODS,Wed 08 Apr 11:43:54 AM,https://boston.craigslist.org/gbs/apa/d/somerville-room-in-3-bedroom-house/7105245537.html,1BR / 1Ba,N/A
1650,WAKEFIELD/LYNNFIELD LINE,1 BEDROOM AND A STUDY/HEAT AND PARKING INC/CATS OK/MARKETPLACE/128,Wed 08 Apr 11:43:17 AM,https://boston.craigslist.org/nos/apa/d/wakefield-1-bedroom-and-study-heat-and/7105245185.html,1BR / 1Ba,N/A
2095,N/A,NEW MARKET LARGE COOLIDGE CORNER 1 BED RENOVATED NO FEE EXCLUSIVE,Wed 08 Apr 11:42:17 AM,https://boston.craigslist.org/gbs/apa/d/brookline-new-market-large-coolidge/7105244544.html,1BR / 1Ba,600ft2
2700,"Salem, MA","4 Bedroom, 2 Bathroom Condo",Wed 08 Apr 11:40:50 AM,https://boston.craigslist.org/nos/apa/d/salem-4-bedroom-2-bathroom-condo/7105243612.html,4BR / 2Ba,N/A
1990,Chelsea,"2 miles from Boston! Luxury Living, Pet Friendly, 1 block from SL-3",Wed 08 Apr 11:39:20 AM,https://boston.craigslist.org/gbs/apa/d/chelsea-2-miles-from-boston-luxury/7105242678.html,1BR / 1Ba,702ft2
1825,WOBURN,"2 BEDS AVAIL NOW THRU 6/1, 1 MO FREE RENT, HOT WATER INCL",Wed 08 Apr 11:37:08 AM,https://boston.craigslist.org/nos/apa/d/woburn-2-beds-avail-now-thru-mo-free/7105241297.html,2BR / 1Ba,850ft2
840,Jamaica Plain,Jamaica Plain bedroom close to Stony Brook Station,Wed 08 Apr 11:36:48 AM,https://boston.craigslist.org/gbs/apa/d/dorchester-jamaica-plain-bedroom-close/7105241079.html,1BR / 1.5Ba,N/A
1200,littleton,New In Law apartment,Wed 08 Apr 11:36:32 AM,https://boston.craigslist.org/bmw/apa/d/littleton-new-in-law-apartment/7105240916.html,1BR / 1Ba,450ft2
5300,N/A,RENT IT 9/1 HUGE AWESOME LUXURY 4 BED 2 BATH MUST SEE WON'T LAST,Wed 08 Apr 11:36:18 AM,https://boston.craigslist.org/gbs/apa/d/brookline-rent-it-9-1-huge-awesome/7105240784.html,4BR / 2Ba,1600ft2
3200,Boston,Large one bedroom unit in a multi-unit building,Wed 08 Apr 11:36:08 AM,https://boston.craigslist.org/gbs/apa/d/boston-large-one-bedroom-unit-in-multi/7105240667.html,1BR / 1Ba,N/A
1650,WOBURN,"1 BEDS AVAIL NOW THRU 6/1, 1 MO FREE RENT, LOWERED RATES",Wed 08 Apr 11:35:02 AM,https://boston.craigslist.org/nos/apa/d/woburn-1-beds-avail-now-thru-mo-free/7105240008.html,1BR / 1Ba,700ft2
1900,Burlington,"GORGEOUS 1 BED DIRECT ENTRY W/PATIO, FULL AMENITIES, AVAIL LATE APRIL",Wed 08 Apr 11:32:49 AM,https://boston.craigslist.org/nos/apa/d/woburn-gorgeous-1-bed-direct-entry/7105238634.html,1BR / 1Ba,865ft2
2115,Bellingham,Come home to The Charles Bellingham! 2 Bed / 2 Bath available!,Wed 08 Apr 11:32:48 AM,https://boston.craigslist.org/gbs/apa/d/bellingham-come-home-to-the-charles/7105238617.html,2BR / 2Ba,1243ft2
1734,Bellingham,Just perfect for your budget! Affordable housing in Bellingham,Wed 08 Apr 11:29:03 AM,https://boston.craigslist.org/gbs/apa/d/bellingham-just-perfect-for-your-budget/7105236262.html,1BR / 1Ba,847ft2
1418,Randolph,"Energy-Efficient Windows, Pet Friendly, Swimming Pool with Sundeck",Wed 08 Apr 11:27:46 AM,https://boston.craigslist.org/sob/apa/d/randolph-energy-efficient-windows-pet/7105235454.html,1BR / 1Ba,730ft2
3339,Wilmington,"Dishwasher, Patio/Balcony, Coffee Bar/Internet Café, Fitness Center",Wed 08 Apr 11:21:23 AM,https://boston.craigslist.org/nos/apa/d/wilmington-dishwasher-patio-balcony/7105231637.html,2BR / 2Ba,1053ft2
1950,Allston,BRAND NEW LUXURY 1 BED HARVARD@COMM MUST SEE WON'T LAST,Wed 08 Apr 11:20:54 AM,https://boston.craigslist.org/gbs/apa/d/allston-brand-new-luxury-1-bed/7105231350.html,1BR / 1Ba,600ft2
1667,Concord,"Outdoor Fire Pits, Chef`s Island and Gas Cooking, 2 Playgrounds",Wed 08 Apr 11:17:40 AM,https://boston.craigslist.org/bmw/apa/d/concord-outdoor-fire-pits-chefs-island/7105229427.html,1BR / 1Ba,701ft2
1700,Arlington,Upper Level/ HEAT INC/ Cat Ok/ Steps to Mass Ave,Wed 08 Apr 11:16:10 AM,https://boston.craigslist.org/bmw/apa/d/arlington-upper-level-heat-inc-cat-ok/7105228535.html,2BR / 1Ba,N/A
1850,Sutherland Road/Brighton/Cleveland Circle,Modern PET FRIENDLY Brighton One Bed-B.C. D Trains-6/1!,Wed 08 Apr 11:15:18 AM,https://boston.craigslist.org/gbs/apa/d/brighton-modern-pet-friendly-brighton/7105227998.html,1BR / 1Ba,N/A
4295,Waltham,"Premium cabinetry, Sundeck, Tiled showers, Wood plank flooring, Patio",Wed 08 Apr 11:12:08 AM,https://boston.craigslist.org/bmw/apa/d/waltham-premium-cabinetry-sundeck-tiled/7105226098.html,3BR / 2Ba,1420ft2
5300,"Inman Sq, Somerville",Beacon St Gorgeous Renovated Suplex (Top 2 Floors) 2 Fam Hse Inman 9/1,Wed 08 Apr 10:59:02 AM,https://boston.craigslist.org/gbs/apa/d/somerville-beacon-st-gorgeous-renovated/7105218186.html,3BR / 2Ba,1313ft2
1850,462 Fletcher St,Beautiful Modern 3 Bedroom Next to Umass Lowell,Wed 08 Apr 10:57:03 AM,https://boston.craigslist.org/nwb/apa/d/lowell-beautiful-modern-3-bedroom-next/7105217058.html,N/A,N/A
2250,Dorchester,2 bedroom apartment in Dorchester,Wed 08 Apr 10:56:41 AM,https://boston.craigslist.org/gbs/apa/d/dorchester-center-2-bedroom-apartment/7105216852.html,2BR / 1Ba,N/A
5500,"Washington Sq, Brookline",ENORMOUS 5-Bed 2-Bath on Beacon St. in Washington Sq. Brookline,Wed 08 Apr 10:56:23 AM,https://boston.craigslist.org/gbs/apa/d/brookline-enormous-5-bed-2-bath-on/7105216692.html,5BR / 2Ba,2700ft2
3850,"Porter Sq area, Somerville",Ashland St Cute 1st Fl 3 Bed 2 Bath In-Unit Laundry 9/1,Wed 08 Apr 10:53:56 AM,https://boston.craigslist.org/gbs/apa/d/somerville-ashland-st-cute-1st-fl-3-bed/7105215386.html,3BR / 2Ba,897ft2
2450,Sutherland Road/Brighton/Cleveland Circle,"Large Modern Cleveland Circle Two Bed-B,C.D Trains-PET FRIENDLY-6/1!",Wed 08 Apr 10:50:47 AM,https://boston.craigslist.org/gbs/apa/d/brighton-large-modern-cleveland-circle/7105213615.html,2BR / 1Ba,N/A
1905,"Andover, MA",Now Offering Spring Specials! 2-Bed/1-Bath Apartment Andover Place,Wed 08 Apr 10:50:24 AM,https://boston.craigslist.org/nwb/apa/d/lawrence-now-offering-spring-specials-2/7105213402.html,2BR / 1Ba,949ft2
2469,Saugus,Just right for you! A gorgeous 2 bed / 2 bath townhome awaits!,Wed 08 Apr 10:49:36 AM,https://boston.craigslist.org/nos/apa/d/saugus-just-right-for-you-gorgeous-2/7105212938.html,2BR / 2Ba,1208ft2
1990,Chelsea,"2 miles from Boston, Luxury Living, 1 block from SL3, Pet Friendly",Wed 08 Apr 10:44:18 AM,https://boston.craigslist.org/gbs/apa/d/chelsea-2-miles-from-boston-luxury/7105209988.html,1BR / 1Ba,702ft2
2800,Chelsea,Perfect 2 Bedroom in Chelsea,Wed 08 Apr 10:41:18 AM,https://boston.craigslist.org/gbs/apa/d/chelsea-perfect-2-bedroom-in-chelsea/7105208314.html,2BR / 1Ba,1100ft2
5400,Cambridge - Central Square,Condo Quality Central Square 4Bed 2 Bath avail . July or August 1,Wed 08 Apr 10:40:48 AM,https://boston.craigslist.org/gbs/apa/d/cambridge-condo-quality-central-square/7105208009.html,4BR / 2Ba,2200ft2
2500,Quincy,"NO FEE! ❶ ❶ Hardwood Floors, Wood-Burning Stove, Prime Location",Wed 08 Apr 10:40:13 AM,https://boston.craigslist.org/gbs/apa/d/quincy-no-fee-hardwood-floors-wood/7105207648.html,2BR / 1Ba,1200ft2
2545,"Andover, MA",Spring Specials! Apply Today! 3-Bed/2-Bath Andover Place,Wed 08 Apr 10:31:20 AM,https://boston.craigslist.org/nwb/apa/d/lawrence-spring-specials-apply-today-3/7105202811.html,3BR / 2Ba,1114ft2
5000,Somerville - Davis Square,4-Bed 1-Bath Parking Porter/Davis Sq 9/1,Wed 08 Apr 10:26:46 AM,https://boston.craigslist.org/gbs/apa/d/somerville-4-bed-1-bath-parking-porter/7105200288.html,4BR / 2.5Ba,N/A
2800,East Boston,3 Bedroom Apartment in East Boston - No Broker Fee!,Wed 08 Apr 10:18:47 AM,https://boston.craigslist.org/gbs/apa/d/east-boston-3-bedroom-apartment-in-east/7105196302.html,3BR / 1Ba,1100ft2
1150,Revere,Single occupant looking for something one person can afford?,Wed 08 Apr 10:17:35 AM,https://boston.craigslist.org/nos/apa/d/revere-single-occupant-looking-for/7105195681.html,1BR / splitBa,2000ft2
3975,Beacon Hill,BEACON HILL 3 BED / 2 BATH NO BROKERAGE FEE NEEDED! 9/1,Wed 08 Apr 10:11:21 AM,https://boston.craigslist.org/gbs/apa/d/boston-beacon-hill-3-bed-2-bath-no/7105192453.html,3BR / 2Ba,N/A
2600,Dorchester,Dorchester 4bed with parking available NOW,Wed 08 Apr 10:09:14 AM,https://boston.craigslist.org/gbs/apa/d/dorchester-dorchester-4bed-with-parking/7105191346.html,4BR / 1.5Ba,1000ft2
2700,N/A,"** FREE RENT ** W/D, Heat, HW & Trash INCL !!",Wed 08 Apr 10:07:16 AM,https://boston.craigslist.org/nwb/apa/d/andover-free-rent-d-heat-hw-trash-incl/7105190260.html,3BR / 2Ba,1392ft2
2594,Peabody,See yourself in a gorgeous loft? We've got the one for you! 1494 sq ft,Wed 08 Apr 10:05:59 AM,https://boston.craigslist.org/nos/apa/d/peabody-see-yourself-in-gorgeous-loft/7105189629.html,2BR / 2Ba,1494ft2
2700,"Westville Street, Boston",Apt Minutes Walk To Red Line Stop - Section 8 Welcome,Wed 08 Apr 10:04:14 AM,https://boston.craigslist.org/gbs/apa/d/dorchester-apt-minutes-walk-to-red-line/7105188773.html,4BR / 1Ba,N/A
2600,"CAMBRIDGE, Harvard Square",Avl APRIL 13 - SUNNY FURNISHED 1br - UTILITIES INCL - Walk to HARVARD!,Wed 08 Apr 10:02:07 AM,https://boston.craigslist.org/gbs/apa/d/cambridge-avl-april-13-sunny-furnished/7105187620.html,1BR / 1Ba,N/A
1724,Bellingham,"Bright, clean, newly remodeled and ready for you! Tour today!",Wed 08 Apr 09:58:12 AM,https://boston.craigslist.org/gbs/apa/d/bellingham-bright-clean-newly-remodeled/7105185692.html,1BR / 1Ba,809ft2
2150,South Boston,Cozy southie 1 Bed,Wed 08 Apr 09:54:32 AM,https://boston.craigslist.org/gbs/apa/d/south-boston-cozy-southie-1-bed/7105183956.html,1BR / 1Ba,N/A
2690,Somerville,"Furnished Cozy Somerville 1BR w/ Gym, Doorman, nr. Assembly Row",Wed 08 Apr 09:53:09 AM,https://boston.craigslist.org/gbs/apa/d/somerville-furnished-cozy-somerville/7105183263.html,1BR / 1Ba,725ft2
1250,East Bridgewater,1 bedroom apartment,Wed 08 Apr 09:46:06 AM,https://boston.craigslist.org/sob/apa/d/elmwood-1-bedroom-apartment/7105179845.html,1BR / 1Ba,600ft2
2900,South Boston,"West Side 2BR triplex with Laundry, Private Yard ~ Avail September",Wed 08 Apr 09:45:51 AM,https://boston.craigslist.org/gbs/apa/d/boston-west-side-2br-triplex-with/7105179727.html,2BR / 1Ba,N/A
2350,Newton Corner - Brighton Line,Spacious 2nd floor in hse. Quiet St on Express+57 Buses Avail May/June,Wed 08 Apr 09:43:57 AM,https://boston.craigslist.org/gbs/apa/d/newton-spacious-2nd-floor-in-hse-quiet/7105178863.html,2BR / 1Ba,N/A
1700,Andover,2 BR WASHINGTON PARK CONDO,Wed 08 Apr 09:43:35 AM,https://boston.craigslist.org/nwb/apa/d/andover-2-br-washington-park-condo/7105178677.html,2BR / 1Ba,N/A
2290,North End,"Furnished, Cozy North End 2BR w/ W/D near Christopher Colombus Park",Wed 08 Apr 09:39:41 AM,https://boston.craigslist.org/gbs/apa/d/boston-furnished-cozy-north-end-2br-w/7105176803.html,2BR / 1Ba,669ft2
1775,"Lawrence, MA",Modern Amenities. Urban Location. Sophisticated Style (#6-504),Wed 08 Apr 09:27:17 AM,https://boston.craigslist.org/nos/apa/d/lawrence-modern-amenities-urban/7105171483.html,2BR / 1Ba,874ft2
2430,Chelsea,"Commuters Dream, Boston 2 miles away! Pet Friendly! Luxury Living",Wed 08 Apr 09:25:55 AM,https://boston.craigslist.org/gbs/apa/d/chelsea-commuters-dream-boston-2-miles/7105170823.html,2BR / 2Ba,960ft2
1950,"CAMBRIDGE, Harvard Square",Avl NOW! - Steps to HARVARD! - Quiet Top Flr FURNISHED 1br -Utils INCL,Wed 08 Apr 09:25:08 AM,https://boston.craigslist.org/gbs/apa/d/somerville-avl-now-steps-to-harvard/7105170488.html,1BR / 1Ba,N/A
2190,Fort Point,"Furnished, Bright Fort Point Studio w/ W/D in Unit",Wed 08 Apr 09:23:46 AM,https://boston.craigslist.org/gbs/apa/d/boston-furnished-bright-fort-point/7105169855.html,0BR / 1Ba,530ft2
2400,Medford/Tufts/Somerville,Beautiful Large 3 BR apartment near Tufts,Wed 08 Apr 09:10:12 AM,https://boston.craigslist.org/gbs/apa/d/medford-beautiful-large-3-br-apartment/7105164294.html,3BR / sharedBa,1272ft2
1600,N/A,Cozy 3rd Floor Apartment - East Watertown,Wed 08 Apr 09:08:14 AM,https://boston.craigslist.org/gbs/apa/d/watertown-cozy-3rd-floor-apartment-east/7105163558.html,1BR / 1Ba,550ft2
3850,"Cambridgeport, Cambridge",3 Bed Kelly Rd Cambridgeport 9/1,Wed 08 Apr 09:08:00 AM,https://boston.craigslist.org/gbs/apa/d/cambridge-3-bed-kelly-rd-cambridgeport/7105163456.html,3BR / 1Ba,N/A
230,Waltham,"Off Moody Street, Rooms for Rent",Wed 08 Apr 08:47:35 AM,https://boston.craigslist.org/bmw/apa/d/waltham-off-moody-street-rooms-for-rent/7105156402.html,1BR / sharedBa,N/A
230,Waltham,"Off Moody Street, Rooms for Rent",Wed 08 Apr 08:46:45 AM,https://boston.craigslist.org/gbs/apa/d/waltham-off-moody-street-rooms-for-rent/7105156173.html,1BR / sharedBa,N/A
2150,SOUTH BOSTON *7/9/10 Bus*,VIDEO TOUR~Modern SOUTH BOSTON 1BR~HEAT/HW INCL~Pkg~Dish~Laundry~Wood,Wed 08 Apr 08:03:56 AM,https://boston.craigslist.org/gbs/apa/d/south-boston-video-tourmodern-south/7105144909.html,1BR / 1Ba,N/A
2600,N/A,"5/1 NO FEE; 3BR/1BA, INCLUDED: All Util + Wifi; Dishwasher; Storage",Wed 08 Apr 08:03:13 AM,https://boston.craigslist.org/gbs/apa/d/somerville-5-1-no-fee-3br-1ba-included/7105144761.html,3BR / 1Ba,N/A
4000,CAMBRIDGE *Kendall/MIT~Lechmere*,PET FRIENDLY&Mint CAMBRIDGE 3BR/2BATH~InUnitWD~CentAC~PATIO~Granite/SS,Wed 08 Apr 08:01:04 AM,https://boston.craigslist.org/gbs/apa/d/cambridge-pet-friendlymint-cambridge/7105144314.html,3BR / 2Ba,N/A
1350,Haverhill,1br/1ba 3rd Floor Unit (700 ft^2),Wed 08 Apr 07:55:21 AM,https://boston.craigslist.org/nos/apa/d/haverhill-1br-1ba-3rd-floor-unit-700-ft2/7105143145.html,1BR / 1Ba,700ft2
1650,Newton-Newtonville,MBTA LOCA~Over sized Newtonville Top Flr House w/ HEAT+1PKG INCL~DECK,Wed 08 Apr 07:54:04 AM,https://boston.craigslist.org/bmw/apa/d/newtonville-mbta-locaover-sized/7105142910.html,1BR / 1Ba,N/A
3500,Burbank Area,"Beautiful, Renovated Home for Rent in Belmont",Wed 08 Apr 07:37:03 AM,https://boston.craigslist.org/gbs/apa/d/belmont-beautiful-renovated-home-for/7105139874.html,2BR / 1Ba,N/A
1895,"BEACON STREET AND PARK DRIVE, BOSTON",NO BROKER FEE - UNFURNISHED STUDIO NEAR KENMORE SQUARE AVAIL. 9/1/20,Wed 08 Apr 07:27:14 AM,https://boston.craigslist.org/gbs/apa/d/boston-no-broker-fee-unfurnished-studio/7105138321.html,0BR / 1Ba,N/A
1250,sutherland,condomium,Wed 08 Apr 07:01:26 AM,https://boston.craigslist.org/gbs/apa/d/brighton-condomium/7105134918.html,585ft2,available apr 8
2200,Boston - South End - Columbus Ave.,South End 1 bed w/ LARGE Pvt. Patio! Avl 5/1,Wed 08 Apr 06:52:15 AM,https://boston.craigslist.org/gbs/apa/d/boston-south-end-1-bed-large-pvt-patio/7105133895.html,1BR / 1Ba,N/A
2000,Brighton,"Well-Managed, Updated 2 Bed w/ Parking Included, Laundry for September",Wed 08 Apr 06:24:36 AM,https://boston.craigslist.org/gbs/apa/d/brighton-well-managed-updated-2-bed/7105131018.html,2BR / 1Ba,N/A
